code,title,status,priority,archived,createdAt
"TASK-2681","We need to compress the neural SSL capacitor!","todo","high",false,Tue Dec 24 2024 17:48:33 GMT+0530 (India Standard Time)
"TASK-8356","Use the back-end RAM circuit, then you can copy the back-end bus!","in-progress","low",true,Tue Dec 24 2024 17:48:33 GMT+0530 (India Standard Time)
"TASK-0550","","in-progress","high",false,Tue Dec 24 2024 17:48:33 GMT+0530 (India Standard Time)
"TASK-2743","Try to copy the HDD system, maybe it will generate the wireless firewall!","done","low",true,Tue Dec 24 2024 15:32:34 GMT+0530 (India Standard Time)
"TASK-9795","If we override the interface, we can get to the HDD program through the wireless THX application!","canceled","medium",true,Tue Dec 24 2024 15:32:34 GMT+0530 (India Standard Time)
"TASK-2858","We need to navigate the wireless TCP capacitor!","done","medium",false,Tue Dec 24 2024 15:32:16 GMT+0530 (India Standard Time)
"TASK-2534","Try to quantify the RSS panel, maybe it will hack the optical pixel!","done","low",true,Tue Dec 24 2024 15:32:11 GMT+0530 (India Standard Time)
"TASK-8209","Indexing the bus won't do anything, we need to transmit the optical ASCII microchip!","todo","high",true,Tue Dec 24 2024 14:48:32 GMT+0530 (India Standard Time)
"TASK-7585","Try to copy the AI application, maybe it will reboot the mobile firewall!","todo","high",true,Tue Dec 24 2024 13:14:01 GMT+0530 (India Standard Time)
"TASK-5673","Try to index the DRAM alarm, maybe it will bypass the multi-byte card!","canceled","low",true,Tue Dec 24 2024 13:14:01 GMT+0530 (India Standard Time)
"TASK-0392","You can't hack the circuit without indexing the virtual AI hard drive!","canceled","low",false,Tue Dec 24 2024 13:14:01 GMT+0530 (India Standard Time)
"TASK-4663","Use the optical IB hard drive, then you can generate the back-end port!","canceled","medium",false,Tue Dec 24 2024 13:13:53 GMT+0530 (India Standard Time)
"TASK-0428","Try to navigate the SSL monitor, maybe it will navigate the mobile firewall!","canceled","low",true,Tue Dec 24 2024 13:12:40 GMT+0530 (India Standard Time)
"TASK-6628","The SSD array is down, program the primary capacitor so we can compress the PCI pixel!","in-progress","low",true,Tue Dec 24 2024 13:10:15 GMT+0530 (India Standard Time)
"TASK-3996","The XML sensor is down, bypass the wireless protocol so we can generate the SQL array!","canceled","low",true,Tue Dec 24 2024 13:10:15 GMT+0530 (India Standard Time)
"TASK-3189","Use the cross-platform SQL pixel, then you can bypass the bluetooth firewall!","todo","medium",false,Tue Dec 24 2024 11:39:04 GMT+0530 (India Standard Time)
"TASK-5375","The SCSI pixel is down, quantify the bluetooth program so we can transmit the UTF8 application!","canceled","high",true,Tue Dec 24 2024 07:16:12 GMT+0530 (India Standard Time)
"TASK-7999","Use the digital API pixel, then you can override the open-source card!","done","medium",false,Tue Dec 24 2024 07:16:12 GMT+0530 (India Standard Time)
"TASK-0794","We need to quantify the digital SSD port!","todo","high",false,Thu Dec 19 2024 01:16:36 GMT+0530 (India Standard Time)
"TASK-0450","The SMTP firewall is down, input the 1080p card so we can calculate the GB matrix!","done","medium",true,Thu Dec 19 2024 01:16:36 GMT+0530 (India Standard Time)
"TASK-4145","Use the optical HEX array, then you can bypass the neural circuit!","in-progress","low",false,Thu Dec 19 2024 01:16:36 GMT+0530 (India Standard Time)
"TASK-5320","You can't override the interface without transmitting the haptic SAS driver!","done","medium",false,Thu Dec 19 2024 01:16:36 GMT+0530 (India Standard Time)
"TASK-6441","You can't compress the sensor without parsing the wireless SDD monitor!","in-progress","high",false,Thu Dec 19 2024 01:16:36 GMT+0530 (India Standard Time)
"TASK-9247","Use the wireless API interface, then you can input the primary alarm!","canceled","medium",false,Thu Dec 19 2024 01:16:36 GMT+0530 (India Standard Time)
"TASK-3689","Use the 1080p DRAM system, then you can index the virtual system!","canceled","high",false,Thu Dec 19 2024 01:16:36 GMT+0530 (India Standard Time)
"TASK-6339","We need to parse the digital FTP protocol!","canceled","medium",false,Thu Dec 19 2024 01:16:36 GMT+0530 (India Standard Time)
"TASK-3686","We need to compress the bluetooth FTP protocol!","canceled","high",false,Wed Dec 18 2024 06:52:06 GMT+0530 (India Standard Time)
"TASK-2467","We need to input the mobile CLI card!","todo","high",false,Wed Dec 18 2024 06:52:06 GMT+0530 (India Standard Time)
"TASK-9141","Try to synthesize the JBOD hard drive, maybe it will copy the cross-platform sensor!","canceled","low",false,Wed Dec 18 2024 06:52:06 GMT+0530 (India Standard Time)
"TASK-2781","The API bandwidth is down, bypass the solid state bus so we can navigate the PNG bandwidth!","canceled","low",true,Wed Dec 18 2024 06:52:06 GMT+0530 (India Standard Time)
"TASK-7644","You can't compress the monitor without transmitting the auxiliary DRAM protocol!","done","medium",false,Wed Dec 18 2024 06:52:06 GMT+0530 (India Standard Time)
"TASK-1051","Try to transmit the SQL capacitor, maybe it will hack the digital card!","in-progress","low",false,Wed Dec 18 2024 06:52:06 GMT+0530 (India Standard Time)
"TASK-9863","We need to index the optical JBOD program!","done","low",false,Wed Dec 18 2024 06:52:06 GMT+0530 (India Standard Time)
"TASK-8663","Use the auxiliary AI monitor, then you can back up the back-end panel!","done","low",false,Wed Dec 18 2024 06:52:06 GMT+0530 (India Standard Time)
"TASK-2903","","done","medium",false,Mon Dec 16 2024 19:37:24 GMT+0530 (India Standard Time)
"TASK-6891","Use the cross-platform XML port, then you can quantify the optical sensor!","done","medium",false,Mon Dec 16 2024 11:21:16 GMT+0530 (India Standard Time)
"TASK-0124","Use the online SQL transmitter, then you can navigate the mobile transmitter!","in-progress","high",false,Mon Dec 16 2024 11:21:16 GMT+0530 (India Standard Time)
"TASK-0881","Use the wireless SAS panel, then you can index the auxiliary card!","done","medium",false,Mon Dec 16 2024 11:21:16 GMT+0530 (India Standard Time)
"TASK-0932","We need to input the wireless IB port!","todo","low",false,Mon Dec 16 2024 11:21:16 GMT+0530 (India Standard Time)
"TASK-4951","The TCP program is down, back up the mobile program so we can reboot the SCSI firewall!","done","medium",true,Mon Dec 16 2024 11:21:16 GMT+0530 (India Standard Time)
"TASK-8382","The SDD circuit is down, compress the cross-platform array so we can connect the UTF8 port!","done","low",true,Mon Dec 16 2024 11:21:16 GMT+0530 (India Standard Time)
"TASK-7964","Try to reboot the DRAM feed, maybe it will bypass the online monitor!","done","low",false,Mon Dec 16 2024 11:21:16 GMT+0530 (India Standard Time)
"TASK-5458","Use the multi-byte CLI card, then you can synthesize the solid state circuit!","done","high",false,Mon Dec 16 2024 11:21:16 GMT+0530 (India Standard Time)
"TASK-1581","We need to reboot the online JSON sensor!","todo","low",false,Mon Dec 16 2024 11:21:16 GMT+0530 (India Standard Time)
"TASK-3826","We need to back up the cross-platform UDP alarm!","done","low",false,Mon Dec 16 2024 11:21:16 GMT+0530 (India Standard Time)
"TASK-5014","Try to input the THX microchip, maybe it will connect the multi-byte transmitter!","done","medium",true,Mon Dec 16 2024 11:21:16 GMT+0530 (India Standard Time)
"TASK-5661","We need to connect the wireless OCR interface!","in-progress","low",false,Fri Dec 13 2024 23:17:31 GMT+0530 (India Standard Time)
"TASK-7676","Use the cross-platform HEX pixel, then you can copy the mobile sensor!","in-progress","low",false,Fri Dec 13 2024 20:27:11 GMT+0530 (India Standard Time)